dir,workDir,nrg,nConv,irredKpts,aV,bV,cV,alpha,beta,gamma,vol,bgVBM,bgCBM,bgIND,spiral?,dir
/gpfs/scratch/vkb5066/agbii4Finals/s4Gamma/7497,7497,-120.117864,1,36,12.68297681,12.68320497,12.68135449,89.9897907,89.99278888,89.99119156,2039.932684,2.102273,2.03153,2.030197,y,a
/gpfs/scratch/vkb5066/agbii4Finals/s4Gamma/5372,5372,-120.1177117,1,36,12.6834469,12.68557716,12.68560508,89.99142926,89.99043011,89.99050018,2041.073745,2.030136,2.030136,2.030136,y,a
/gpfs/scratch/vkb5066/agbii4Finals/s4Gamma/4249,4249,-120.1176232,1,36,12.68496512,12.68550969,12.68367295,89.99013013,89.98948102,89.99122343,2040.996288,2.103362,2.030882,2.030485,y,c
/gpfs/scratch/vkb5066/agbii4Finals/s4Gamma/2774,2774,-120.117558,1,36,12.68178386,12.68330754,12.68314566,89.99191016,89.99107878,89.99026034,2040.045409,2.102719,2.031819,2.030604,y,a
/gpfs/scratch/vkb5066/agbii4Finals/s4Gamma/2886,2886,-120.1174512,1,36,12.68213001,12.68318631,12.68126947,89.99190955,89.99107811,89.9902604,2039.779807,2.103454,2.032675,2.031387,y,b
/gpfs/scratch/vkb5066/agbii4Finals/s4Gamma/7717,7717,-120.1174413,1,36,12.68174644,12.68400718,12.68386633,89.98979201,89.9927892,89.99119143,2040.267849,2.104027,2.033762,2.032517,y,b
/gpfs/scratch/vkb5066/agbii4Finals/s4Gamma/5152,5152,-120.1174098,1,36,12.68288727,12.68418106,12.68395876,89.99142824,89.99042931,89.99049942,2040.494221,2.104966,2.034516,2.033195,y,b
/gpfs/scratch/vkb5066/agbii4Finals/s4Gamma/9983,9983,-120.1172737,1,36,12.68263229,12.68188974,12.68205598,89.99129308,89.99107737,89.9906938,2039.778563,2.105599,2.035443,2.034141,y,b
/gpfs/scratch/vkb5066/agbii4Finals/s4Gamma/10095,10095,-120.1172525,1,36,12.68138151,12.68346928,12.68137117,89.9909611,89.99061675,89.99185128,2039.721284,2.10361,2.033587,2.032416,y,a
/gpfs/scratch/vkb5066/agbii4Finals/s4Gamma/4572,4572,-120.1172009,1,36,12.68463664,12.68394866,12.6860693,89.99142872,89.99043077,89.99049996,2041.077845,2.102351,2.030902,2.029501,y,c
/gpfs/scratch/vkb5066/agbii4Finals/s4Gamma/8620,8620,-120.1171475,1,36,12.68474427,12.68374033,12.68377201,89.9923356,89.99122915,89.98924585,2040.69203,2.103153,2.03269,2.031461,y,c
/gpfs/scratch/vkb5066/agbii4Finals/s4Gamma/8297,8297,-120.1170572,1,36,12.68237305,12.68194813,12.6838614,89.99139849,89.99050567,89.98972075,2040.036632,2.104508,2.034293,2.033013,y,c
/gpfs/scratch/vkb5066/agbii4Finals/s4Gamma/2612,2612,-119.9673825,1,36,12.70741229,12.70837042,12.70646322,89.99192574,89.99109598,89.99027988,2051.973055,1.777523,1.68329,1.647511,,
/gpfs/scratch/vkb5066/agbii4Finals/s4Gamma/4424,4424,-119.9673126,1,36,12.70685975,12.70790905,12.7056101,89.9901475,89.98949929,89.99123884,2051.671565,1.778193,1.6812,1.646416,,
/gpfs/scratch/vkb5066/agbii4Finals/s4Gamma/9954,9954,-119.9673026,1,36,12.70781057,12.70608402,12.70598064,89.99130969,89.99109465,89.99071201,2051.590259,1.776981,1.682508,1.647524,,
/gpfs/scratch/vkb5066/agbii4Finals/s4Gamma/1778,1778,-119.9670858,1,36,12.70791238,12.70834543,12.70810407,89.99279904,89.99073323,89.99100438,2052.314772,1.77785,1.679295,1.645769,,
/gpfs/scratch/vkb5066/agbii4Finals/s4Gamma/7256,7256,-119.9670628,1,36,12.70656342,12.70595976,12.70776924,89.98981054,89.99280318,89.99120775,2051.657622,1.779326,1.680695,1.646873,,
/gpfs/scratch/vkb5066/agbii4Finals/s4Gamma/4531,4531,-119.9670547,1,36,12.70663434,12.70512768,12.70529261,89.9901462,89.98949907,89.99123791,2051.134874,1.777782,1.682145,1.646426,,
/gpfs/scratch/vkb5066/agbii4Finals/s4Gamma/4082,4082,-119.9670281,1,36,12.70649721,12.70779866,12.70766861,89.99114975,89.98896782,89.99096982,2051.927599,1.778399,1.681119,1.647606,,
/gpfs/scratch/vkb5066/agbii4Finals/s4Gamma/4089,4089,-119.9670049,1,36,12.70622863,12.70539935,12.70734275,89.99114879,89.98896756,89.99096892,2051.444213,1.778667,1.682214,1.648679,,
/gpfs/scratch/vkb5066/agbii4Finals/s4Gamma/3471,3471,-119.9668206,1,36,12.70913797,12.70982047,12.70758139,89.99115043,89.98896892,89.99097151,2052.666486,1.777977,1.682842,1.647998,,
/gpfs/scratch/vkb5066/agbii4Finals/s4Gamma/5326,5326,-119.9667881,1,36,12.70780865,12.70657435,12.70868041,89.99144411,89.99044817,89.99051721,2052.105054,1.777489,1.680734,1.646992,,
/gpfs/scratch/vkb5066/agbii4Finals/s4Gamma/9870,9870,-119.9667846,1,36,12.70736775,12.70944485,12.70739126,89.99131119,89.99109514,89.99071315,2052.289227,1.779103,1.68276,1.648378,,
/gpfs/scratch/vkb5066/agbii4Finals/s4Gamma/7689,7689,-119.9667533,1,36,12.70899913,12.70960542,12.7077989,89.98981208,89.99280392,89.99120989,2052.644479,1.778044,1.680208,1.645658,,
/gpfs/scratch/vkb5066/agbii4Finals/s4Gamma/3982,3982,-119.9667471,1,36,12.70913359,12.70763224,12.70966144,89.99115039,89.98896984,89.99097079,2052.648308,1.777455,1.67993,1.645752,,
/gpfs/scratch/vkb5066/agbii4Finals/s4Gamma/4884,4884,-119.9666143,1,36,12.7095677,12.71025089,12.70831337,89.99144552,89.99044878,89.99051929,2052.923661,1.777879,1.68187,1.647538,,
/gpfs/scratch/vkb5066/agbii4Finals/s4Gamma/4431,4431,-119.9666053,1,36,12.70699747,12.70605046,12.70594816,89.99014683,89.98949949,89.99123833,2051.448312,1.778189,1.681981,1.647775,,
/gpfs/scratch/vkb5066/agbii4Finals/s4Gamma/3297,3297,-119.9665757,1,36,12.70996588,12.70777396,12.70797946,89.99114985,89.98896946,89.99097115,2052.533958,1.778753,1.680154,1.646741,,
/gpfs/scratch/vkb5066/agbii4Finals/s4Gamma/6770,6770,-119.9665515,1,36,12.7086121,12.70903409,12.70888385,89.98898297,89.99274296,89.99120662,2052.664929,1.776688,1.680422,1.645308,,
/gpfs/scratch/vkb5066/agbii4Finals/s4Gamma/1115,1115,-119.9662778,1,36,12.70793584,12.70921442,12.70894086,89.99098024,89.99063684,89.99186824,2052.594039,1.778036,1.683053,1.648323,,
/gpfs/scratch/vkb5066/agbii4Finals/s4Gamma/6504,6504,-119.9662464,1,36,12.70890238,12.7096794,12.70962812,89.98898358,89.99274326,89.99120694,2052.93626,1.777903,1.680403,1.64569,,
/gpfs/scratch/vkb5066/agbii4Finals/s4Gamma/1015,1015,-119.9659799,1,36,12.70993385,12.70987685,12.70803004,89.99098013,89.9906374,89.99186916,2052.876626,1.777674,1.680416,1.647032,,
/gpfs/scratch/vkb5066/agbii4Finals/s4Gamma/4209,4209,-119.9659721,1,36,12.70960418,12.71060846,12.70843856,89.99014966,89.98950161,89.99124073,2053.007524,1.777205,1.6785,1.645215,,
/gpfs/scratch/vkb5066/agbii4Finals/s4Gamma/1785,1785,-119.9658647,1,36,12.70897249,12.70990037,12.71012572,89.99280007,89.99073441,89.99100529,2053.063667,1.777309,1.679459,1.645541,,
/gpfs/scratch/vkb5066/agbii4Finals/s4Gamma/2738,2738,-119.9658507,1,36,12.71804838,12.71963709,12.71962068,89.99193353,89.99110452,89.99028835,2057.639732,1.778276,1.681514,1.648629,,
/gpfs/scratch/vkb5066/agbii4Finals/s4Gamma/4304,4304,-119.9653119,1,36,12.71786964,12.71749881,12.71944832,89.99015649,89.98950966,89.99124606,2057.23702,1.778411,1.681452,1.648698,,
/gpfs/scratch/vkb5066/agbii4Finals/s4Gamma/7985,7985,-119.9646857,1,36,12.72675846,12.72511654,12.72528958,89.99142736,89.9905378,89.98975639,2060.854002,1.781766,1.686318,1.65197,,
/gpfs/scratch/vkb5066/agbii4Finals/s4Gamma/8780,8780,-119.9645494,1,36,12.72671733,12.72502224,12.72539699,89.99236083,89.99125821,89.98928128,2060.849471,1.780723,1.684462,1.650531,,
/gpfs/scratch/vkb5066/agbii4Finals/s4Gamma/8438,8438,-119.9645211,1,36,12.72695385,12.72586222,12.72801638,89.99142851,89.99053902,89.98975677,2061.448045,1.782836,1.686521,1.652107,,
/gpfs/scratch/vkb5066/agbii4Finals/s4Gamma/2999,2999,-119.9644476,1,36,12.72705627,12.72896512,12.72676333,89.99193883,89.99111011,89.99029542,2061.764287,1.782694,1.688113,1.653558,,
/gpfs/scratch/vkb5066/agbii4Finals/s4Gamma/11754,11754,-119.9644137,1,36,12.72735194,12.72558165,12.7274822,89.99280953,89.99074747,89.99101759,2061.380573,1.782322,1.68506,1.650004,,
/gpfs/scratch/vkb5066/agbii4Finals/s4Gamma/8887,8887,-119.9644085,1,36,12.72646127,12.72563669,12.72548788,89.99008721,89.9902898,89.99273444,2060.92224,1.781105,1.68335,1.650894,,
/gpfs/scratch/vkb5066/agbii4Finals/s4Gamma/9572,9572,-119.9644017,1,36,12.72775825,12.72621006,12.7264131,89.99008779,89.99029066,89.99273496,2061.375003,1.779449,1.682705,1.648832,,
/gpfs/scratch/vkb5066/agbii4Finals/s4Gamma/5180,5180,-119.9643933,1,36,12.72628664,12.72767342,12.72799031,89.99145794,89.99046242,89.99053212,2061.629135,1.782873,1.686697,1.653229,,
/gpfs/scratch/vkb5066/agbii4Finals/s4Gamma/8565,8565,-119.9643888,1,36,12.72675536,12.72558041,12.72779632,89.99142834,89.99053886,89.98975657,2061.334606,1.78209,1.686738,1.653069,,
/gpfs/scratch/vkb5066/agbii4Finals/s4Gamma/10257,10257,-119.9643679,1,36,12.72609976,12.72769429,12.72568601,89.99099281,89.99064986,89.99188005,2061.22901,1.782067,1.686166,1.652505,,
/gpfs/scratch/vkb5066/agbii4Finals/s4Gamma/10131,10131,-119.9643666,1,36,12.72606415,12.72565906,12.72744573,89.99099275,89.99065041,89.99187946,2061.178624,1.779797,1.685163,1.650827,,
/gpfs/scratch/vkb5066/agbii4Finals/s4Gamma/5613,5613,-119.9643551,1,36,12.72758967,12.72774303,12.72766652,89.99145788,89.99046286,89.99053261,2061.799047,1.78509,1.689652,1.654074,,
/gpfs/scratch/vkb5066/agbii4Finals/s4Gamma/11084,11084,-119.964354,1,36,12.72615625,12.72752488,12.72575098,89.99099277,89.99064991,89.99188002,2061.221247,1.779238,1.681269,1.646953,,
/gpfs/scratch/vkb5066/agbii4Finals/s4Gamma/2915,2915,-119.9642519,1,36,12.72567631,12.72804511,12.72589743,89.99193826,89.99110934,89.99029456,2061.251483,1.78398,1.687792,1.651533,,
/gpfs/scratch/vkb5066/agbii4Finals/s4Gamma/8660,8660,-119.9642269,1,36,12.72602845,12.72832247,12.72614917,89.992362,89.99125823,89.98928236,2061.394209,1.785418,1.691932,1.654435,,
/gpfs/scratch/vkb5066/agbii4Finals/s4Gamma/8445,8445,-119.9642127,1,36,12.72593327,12.72769692,12.72568471,89.99142841,89.9905377,89.98975705,2061.202249,1.7845,1.689066,1.653071,,
/gpfs/scratch/vkb5066/agbii4Finals/s4Gamma/7543,7543,-119.9641881,1,36,12.72667692,12.72590259,12.7276251,89.98982659,89.99281461,89.9912217,2061.34637,1.780734,1.68387,1.650397,,
